<bot schemaname="cra1c_ragPattern">
  <authenticationmode>2</authenticationmode>
  <authenticationtrigger>1</authenticationtrigger>
  <iscustomizable>0</iscustomizable>
  <language>1033</language>
  <name>RAGPattern</name>
  <runtimeprovider>0</runtimeprovider>
  <synchronizationstatus>{
  "contentVersion": 2,
  "currentSynchronizationState": {
    "botRegistration": {
      "applicationId": "e4889cf3-697b-4be0-98e2-27b06067f34e",
      "isAppAvailableInTenant": true
    },
    "provisioningStatus": "Provisioned",
    "state": "Synchronized"
  },
  "lastSynchronizedOnUtc": "2023-12-29T04:00:28.5992815Z"
}</synchronizationstatus>
  <template>default-2.0.1</template>
</bot>