<botcomponent_environmentvariabledefinitionset>
  <botcomponent_environmentvariabledefinition botcomponentid.schemaname="cra1c_ragPattern.topic.RAG" environmentvariabledefinitionid.schemaname="new_OpenAI_APIKey">
    <iscustomizable>1</iscustomizable>
  </botcomponent_environmentvariabledefinition>
  <botcomponent_environmentvariabledefinition botcomponentid.schemaname="cra1c_ragPattern.topic.RAG" environmentvariabledefinitionid.schemaname="new_OpenAI_URL">
    <iscustomizable>1</iscustomizable>
  </botcomponent_environmentvariabledefinition>
</botcomponent_environmentvariabledefinitionset>